DROP SCHEMA IF EXISTS DB_Leerlingen;
CREATE SCHEMA DB_Leerlingen;
USE DB_Leerlingen;
SET AUTOCOMMIT=0;

DROP TABLE IF EXISTS `tblKlas`;
CREATE TABLE tblKlas(
  kindid    		INTEGER(6)  NOT NULL PRIMARY KEY 
  ,uniekeklascode 	VARCHAR(10) NOT NULL
  ,omschrijving  	VARCHAR(25)	DEFAULT NULL
);
INSERT INTO tblKlas(kindid, uniekeklascode, omschrijving) VALUES (23587,"6NIT","6 Netwerken & IT");
INSERT INTO tblKlas(kindid, uniekeklascode, omschrijving) VALUES (25956,"6NIT","6 Netwerken & IT");
INSERT INTO tblKlas(kindid, uniekeklascode, omschrijving) VALUES (26928,"6NIT","6 Netwerken & IT");
INSERT INTO tblKlas(kindid, uniekeklascode, omschrijving) VALUES (27611,"6NIT","6 Netwerken & IT");
INSERT INTO tblKlas(kindid, uniekeklascode, omschrijving) VALUES (36680,"6NIT","6 Netwerken & IT");
INSERT INTO tblKlas(kindid, uniekeklascode, omschrijving) VALUES (65051,"6NIT","6 Netwerken & IT");
INSERT INTO tblKlas(kindid, uniekeklascode, omschrijving) VALUES (69442,"6NIT","6 Netwerken & IT");
INSERT INTO tblKlas(kindid, uniekeklascode, omschrijving) VALUES (69510,"6NIT","6 Netwerken & IT");
INSERT INTO tblKlas(kindid, uniekeklascode, omschrijving) VALUES (69677,"6NIT","6 Netwerken & IT");
INSERT INTO tblKlas(kindid, uniekeklascode, omschrijving) VALUES (73240,"6NIT","6 Netwerken & IT");
INSERT INTO tblKlas(kindid, uniekeklascode, omschrijving) VALUES (86734,"6NIT","6 Netwerken & IT");
INSERT INTO tblKlas(kindid, uniekeklascode, omschrijving) VALUES (90197,"6NIT","6 Netwerken & IT");
INSERT INTO tblKlas(kindid, uniekeklascode, omschrijving) VALUES (90273,"6NIT","6 Netwerken & IT");
INSERT INTO tblKlas(kindid, uniekeklascode, omschrijving) VALUES (141299,"6NIT","6 Netwerken & IT");

DROP TABLE IF EXISTS `tblLeerlingen`;
CREATE TABLE tblLeerlingen(
  kindid    		INTEGER(6)  NOT NULL PRIMARY KEY 
  ,kindnaam 		VARCHAR(20) NOT NULL
  ,kindvoornaam 	VARCHAR(20) NOT NULL
  ,straat 			VARCHAR(40) DEFAULT NULL
  ,huisnr 			VARCHAR(6) DEFAULT NULL
  ,postcode 		INTEGER(4) DEFAULT NULL
  ,woonplaats 		VARCHAR(20) DEFAULT NULL
  ,land 			VARCHAR(20) DEFAULT NULL
  ,kindemailadres 	VARCHAR(50)	DEFAULT NULL
  ,geslacht 		VARCHAR(1) DEFAULT NULL
  ,geboortedatum 	date DEFAULT NULL
  ,geboorteplaats 	VARCHAR(20) DEFAULT NULL
);
INSERT INTO tblLeerlingen(kindid, kindnaam, kindvoornaam, straat, huisnr, postcode, woonplaats, land, kindemailadres, geslacht, geboortedatum, geboorteplaats) VALUES (23587,"De Lannoy", "Jarno", "Beukenlaan", "14", 9320, "Erembodegem", "België", "", "M", '2005-03-15', "Aalst");
INSERT INTO tblLeerlingen(kindid, kindnaam, kindvoornaam, straat, huisnr, postcode, woonplaats, land, kindemailadres, geslacht, geboortedatum, geboorteplaats) VALUES (25956,"Van den Hooff", "Gilles", "Kruisstraat", "55B", 9308, "Gijzegem", "België", "", "M", '2006-08-02', "Aalst");
INSERT INTO tblLeerlingen(kindid, kindnaam, kindvoornaam, straat, huisnr, postcode, woonplaats, land, kindemailadres, geslacht, geboortedatum, geboorteplaats) VALUES (26928,"De Cock", "Simon-Francis", "Kouterbaan", "2", 9310, "Herdersem", "België", "decocksimonfrancis@gmail.com", "M", '2006-11-05', "Aalst" );
INSERT INTO tblLeerlingen(kindid, kindnaam, kindvoornaam, straat, huisnr, postcode, woonplaats, land, kindemailadres, geslacht, geboortedatum, geboorteplaats) VALUES (27611,"Habyarimana", "Kenzo-Yannick", "Park De Blieck", "24", 9300, "Aalst", "België", "kenzoyannick@gmail.com", "M", '2006-11-15', "Brussel");
INSERT INTO tblLeerlingen(kindid, kindnaam, kindvoornaam, straat, huisnr, postcode, woonplaats, land, kindemailadres, geslacht, geboortedatum, geboorteplaats) VALUES (36680,"De Cock", "Lucas", "Karel Van De Woestijnestraat", "14", 9300, "Aalst", "België", "decock_lucas@leerling.smi-aalst.be", "M", '2006-09-12', "Aalst");
INSERT INTO tblLeerlingen(kindid, kindnaam, kindvoornaam, straat, huisnr, postcode, woonplaats, land, kindemailadres, geslacht, geboortedatum, geboorteplaats) VALUES (65051,"Abdallah", "Ahmad", "Larewei", "11", 9300, "Aalst", "België", "ahmad58596@hotmail.com", "M", '2006-09-16', "Aalst");
INSERT INTO tblLeerlingen(kindid, kindnaam, kindvoornaam, straat, huisnr, postcode, woonplaats, land, kindemailadres, geslacht, geboortedatum, geboorteplaats) VALUES (69442,"Pinheiro", "Telmo Miguel", "Welvaartstraat", "78", 9300, "Aalst", "België", "telmomiguelpinheiro@gmail.com", "M", '2006-09-28', "Lisboa");
INSERT INTO tblLeerlingen(kindid, kindnaam, kindvoornaam, straat, huisnr, postcode, woonplaats, land, kindemailadres, geslacht, geboortedatum, geboorteplaats) VALUES (69510,"Van Aelbrouck", "Bo", "Kriekenlaan", "10", 9300, "Aalst", "België", "bovanaelbrouck9@gmail.com", "V", '2005-09-26', "Aalst");
INSERT INTO tblLeerlingen(kindid, kindnaam, kindvoornaam, straat, huisnr, postcode, woonplaats, land, kindemailadres, geslacht, geboortedatum, geboorteplaats) VALUES (69677,"Lievens", "Ilias", "Guido Gezellestraat", "95", 9300, "Aalst", "Belgiê", "ilias.lievens2006@gmail.com", "M", '2006-02-07', "Aalst");
INSERT INTO tblLeerlingen(kindid, kindnaam, kindvoornaam, straat, huisnr, postcode, woonplaats, land, kindemailadres, geslacht, geboortedatum, geboorteplaats) VALUES (73240,"De Wannemaeker", "Joshua", "Boudewijnlaan", "79", 9300, "Aalst", "België", "joshua.dw06@gmail.com", "M", '2006-11-04', "Gent");
INSERT INTO tblLeerlingen(kindid, kindnaam, kindvoornaam, straat, huisnr, postcode, woonplaats, land, kindemailadres, geslacht, geboortedatum, geboorteplaats) VALUES (86734,"Verduyckt", "Xander", "Blokmanstraat", "10", 9420, "Erpe-Mere", "België", "xverduyckt@gmail.com", "M", '2005-12-19', "Aalst");
INSERT INTO tblLeerlingen(kindid, kindnaam, kindvoornaam, straat, huisnr, postcode, woonplaats, land, kindemailadres, geslacht, geboortedatum, geboorteplaats) VALUES (90197,"Ngahanne", "Zack", "Vrijheidsstraat", "60", 1770, "Liederkerke", "België", "Zackflo@gmail.com", "M", '2006-04-19', "Anderlecht");
INSERT INTO tblLeerlingen(kindid, kindnaam, kindvoornaam, straat, huisnr, postcode, woonplaats, land, kindemailadres, geslacht, geboortedatum, geboorteplaats) VALUES (90273,"Schokaert", "Milan", "Babbelaarstraat", "48", 9308, "Hofstade", "België", "", "M", '2006-08-03', "Aalst");
INSERT INTO tblLeerlingen(kindid, kindnaam, kindvoornaam, straat, huisnr, postcode, woonplaats, land, kindemailadres, geslacht, geboortedatum, geboorteplaats) VALUES (141299,"Jans", "Emiel", "Pol De Montstraat", "26", 1741, "Wambeek", "België", "emiel.jans2@telenet.be", "M", '2006-08-02', "Jette");

DROP TABLE IF EXISTS `tblOuders`;
CREATE TABLE tblOuders(
ouderid    			INTEGER(6)  NOT NULL PRIMARY KEY 
,kindid    			INTEGER(6)  NOT NULL
,ouderemailadres 	VARCHAR(40) DEFAULT NULL
);
INSERT INTO tblOuders(kindid, ouderid) VALUES (65051,1);
INSERT INTO tblOuders(kindid, ouderid) VALUES (36680,2);
INSERT INTO tblOuders(kindid, ouderid) VALUES (26928,3);
INSERT INTO tblOuders(kindid, ouderid) VALUES (23587,4);
INSERT INTO tblOuders(kindid, ouderid) VALUES (73240,5);
INSERT INTO tblOuders(kindid, ouderid) VALUES (27611,6);
INSERT INTO tblOuders(kindid, ouderid) VALUES (141299,7);
INSERT INTO tblOuders(kindid, ouderid) VALUES (69677,8);
INSERT INTO tblOuders(kindid, ouderid) VALUES (69442,9);
INSERT INTO tblOuders(kindid, ouderid) VALUES (90197,10);
INSERT INTO tblOuders(kindid, ouderid) VALUES (90273,11);
INSERT INTO tblOuders(kindid, ouderid) VALUES (69510,12);
INSERT INTO tblOuders(kindid, ouderid) VALUES (25956,13);
INSERT INTO tblOuders(kindid, ouderid) VALUES (86734,14);





DROP TABLE IF EXISTS `tblTickets`;
CREATE TABLE tblTickets(
ticketid    		INTEGER(6)	AUTO_INCREMENT PRIMARY KEY
,zetelid    			VARCHAR(6)  NOT NULL 
,ouderid    		INTEGER(6)	DEFAULT NULL
);
INSERT INTO tblTickets(zetelid) VALUES (1.1);
INSERT INTO tblTickets(zetelid) VALUES (1.2);
INSERT INTO tblTickets(zetelid) VALUES (1.3);
INSERT INTO tblTickets(zetelid) VALUES (1.4);
INSERT INTO tblTickets(zetelid) VALUES (1.5);
INSERT INTO tblTickets(zetelid) VALUES (1.6);
INSERT INTO tblTickets(zetelid) VALUES (1.7);
INSERT INTO tblTickets(zetelid) VALUES (1.8);
INSERT INTO tblTickets(zetelid) VALUES (1.9);
INSERT INTO tblTickets(zetelid) VALUES (1.10);
INSERT INTO tblTickets(zetelid) VALUES (1.11);
INSERT INTO tblTickets(zetelid) VALUES (1.12);
INSERT INTO tblTickets(zetelid) VALUES (1.13);
INSERT INTO tblTickets(zetelid) VALUES (1.14);
INSERT INTO tblTickets(zetelid) VALUES (1.15);
INSERT INTO tblTickets(zetelid) VALUES (1.17);
INSERT INTO tblTickets(zetelid) VALUES (1.19);
INSERT INTO tblTickets(zetelid) VALUES (1.21);
INSERT INTO tblTickets(zetelid) VALUES (1.23);
INSERT INTO tblTickets(zetelid) VALUES (1.25);
INSERT INTO tblTickets(zetelid) VALUES (2.1);
INSERT INTO tblTickets(zetelid) VALUES (2.2);
INSERT INTO tblTickets(zetelid) VALUES (2.3);
INSERT INTO tblTickets(zetelid) VALUES (2.4);
INSERT INTO tblTickets(zetelid) VALUES (2.5);
INSERT INTO tblTickets(zetelid) VALUES (2.6);
INSERT INTO tblTickets(zetelid) VALUES (2.7);
INSERT INTO tblTickets(zetelid) VALUES (2.8);
INSERT INTO tblTickets(zetelid) VALUES (2.9);
INSERT INTO tblTickets(zetelid) VALUES (2.10);
INSERT INTO tblTickets(zetelid) VALUES (2.11);
INSERT INTO tblTickets(zetelid) VALUES (2.12);
INSERT INTO tblTickets(zetelid) VALUES (2.13);
INSERT INTO tblTickets(zetelid) VALUES (2.14);
INSERT INTO tblTickets(zetelid) VALUES (2.15);
INSERT INTO tblTickets(zetelid) VALUES (2.16);
INSERT INTO tblTickets(zetelid) VALUES (2.17);
INSERT INTO tblTickets(zetelid) VALUES (2.19);
INSERT INTO tblTickets(zetelid) VALUES (2.21);
INSERT INTO tblTickets(zetelid) VALUES (2.23);
INSERT INTO tblTickets(zetelid) VALUES (2.25);
INSERT INTO tblTickets(zetelid) VALUES (2.27);
INSERT INTO tblTickets(zetelid) VALUES (2.29);
INSERT INTO tblTickets(zetelid) VALUES (3.1);
INSERT INTO tblTickets(zetelid) VALUES (3.2);
INSERT INTO tblTickets(zetelid) VALUES (3.3);
INSERT INTO tblTickets(zetelid) VALUES (3.4);
INSERT INTO tblTickets(zetelid) VALUES (3.5);
INSERT INTO tblTickets(zetelid) VALUES (3.6);
INSERT INTO tblTickets(zetelid) VALUES (3.7);
INSERT INTO tblTickets(zetelid) VALUES (3.8);
INSERT INTO tblTickets(zetelid) VALUES (3.9);
INSERT INTO tblTickets(zetelid) VALUES (3.10);
INSERT INTO tblTickets(zetelid) VALUES (3.11);
INSERT INTO tblTickets(zetelid) VALUES (3.12);
INSERT INTO tblTickets(zetelid) VALUES (3.13);
INSERT INTO tblTickets(zetelid) VALUES (3.14);
INSERT INTO tblTickets(zetelid) VALUES (3.15);
INSERT INTO tblTickets(zetelid) VALUES (3.16);
INSERT INTO tblTickets(zetelid) VALUES (3.17);
INSERT INTO tblTickets(zetelid) VALUES (3.18);
INSERT INTO tblTickets(zetelid) VALUES (3.19);
INSERT INTO tblTickets(zetelid) VALUES (3.21);
INSERT INTO tblTickets(zetelid) VALUES (3.23);
INSERT INTO tblTickets(zetelid) VALUES (3.25);
INSERT INTO tblTickets(zetelid) VALUES (3.27);
INSERT INTO tblTickets(zetelid) VALUES (3.29);
INSERT INTO tblTickets(zetelid) VALUES (3.31);
INSERT INTO tblTickets(zetelid) VALUES (3.33);
INSERT INTO tblTickets(zetelid) VALUES (4.1);
INSERT INTO tblTickets(zetelid) VALUES (4.2);
INSERT INTO tblTickets(zetelid) VALUES (4.3);
INSERT INTO tblTickets(zetelid) VALUES (4.4);
INSERT INTO tblTickets(zetelid) VALUES (4.5);
INSERT INTO tblTickets(zetelid) VALUES (4.6);
INSERT INTO tblTickets(zetelid) VALUES (4.7);
INSERT INTO tblTickets(zetelid) VALUES (4.8);
INSERT INTO tblTickets(zetelid) VALUES (4.9);
INSERT INTO tblTickets(zetelid) VALUES (4.10);
INSERT INTO tblTickets(zetelid) VALUES (4.11);
INSERT INTO tblTickets(zetelid) VALUES (4.12);
INSERT INTO tblTickets(zetelid) VALUES (4.13);
INSERT INTO tblTickets(zetelid) VALUES (4.14);
INSERT INTO tblTickets(zetelid) VALUES (4.15);
INSERT INTO tblTickets(zetelid) VALUES (4.16);
INSERT INTO tblTickets(zetelid) VALUES (4.17);
INSERT INTO tblTickets(zetelid) VALUES (4.18);
INSERT INTO tblTickets(zetelid) VALUES (4.19);
INSERT INTO tblTickets(zetelid) VALUES (4.20);
INSERT INTO tblTickets(zetelid) VALUES (4.21);
INSERT INTO tblTickets(zetelid) VALUES (4.23);
INSERT INTO tblTickets(zetelid) VALUES (4.25);
INSERT INTO tblTickets(zetelid) VALUES (4.27);
INSERT INTO tblTickets(zetelid) VALUES (4.29);
INSERT INTO tblTickets(zetelid) VALUES (4.31);
INSERT INTO tblTickets(zetelid) VALUES (4.33);
INSERT INTO tblTickets(zetelid) VALUES (4.35);
INSERT INTO tblTickets(zetelid) VALUES (4.37);
INSERT INTO tblTickets(zetelid) VALUES (5.1);
INSERT INTO tblTickets(zetelid) VALUES (5.3);
INSERT INTO tblTickets(zetelid) VALUES (5.5);
INSERT INTO tblTickets(zetelid) VALUES (5.7);
INSERT INTO tblTickets(zetelid) VALUES (5.9);
INSERT INTO tblTickets(zetelid) VALUES (5.11);
INSERT INTO tblTickets(zetelid) VALUES (5.13);
INSERT INTO tblTickets(zetelid) VALUES (5.15);
INSERT INTO tblTickets(zetelid) VALUES (5.17);
INSERT INTO tblTickets(zetelid) VALUES (5.19);
INSERT INTO tblTickets(zetelid) VALUES (5.21);
INSERT INTO tblTickets(zetelid) VALUES (5.23);
INSERT INTO tblTickets(zetelid) VALUES (5.25);
INSERT INTO tblTickets(zetelid) VALUES (5.27);
INSERT INTO tblTickets(zetelid) VALUES (5.29);
INSERT INTO tblTickets(zetelid) VALUES (5.31);
INSERT INTO tblTickets(zetelid) VALUES (5.33);
INSERT INTO tblTickets(zetelid) VALUES (5.35);
INSERT INTO tblTickets(zetelid) VALUES (5.37);
INSERT INTO tblTickets(zetelid) VALUES (5.39);
INSERT INTO tblTickets(zetelid) VALUES (6.1);
INSERT INTO tblTickets(zetelid) VALUES (6.2);
INSERT INTO tblTickets(zetelid) VALUES (6.3);
INSERT INTO tblTickets(zetelid) VALUES (6.4);
INSERT INTO tblTickets(zetelid) VALUES (6.5);
INSERT INTO tblTickets(zetelid) VALUES (6.6);
INSERT INTO tblTickets(zetelid) VALUES (6.7);
INSERT INTO tblTickets(zetelid) VALUES (6.8);
INSERT INTO tblTickets(zetelid) VALUES (6.9);
INSERT INTO tblTickets(zetelid) VALUES (6.10);
INSERT INTO tblTickets(zetelid) VALUES (6.11);
INSERT INTO tblTickets(zetelid) VALUES (6.12);
INSERT INTO tblTickets(zetelid) VALUES (6.13);
INSERT INTO tblTickets(zetelid) VALUES (6.14);
INSERT INTO tblTickets(zetelid) VALUES (6.15);
INSERT INTO tblTickets(zetelid) VALUES (6.16);
INSERT INTO tblTickets(zetelid) VALUES (6.17);
INSERT INTO tblTickets(zetelid) VALUES (6.18);
INSERT INTO tblTickets(zetelid) VALUES (6.19);
INSERT INTO tblTickets(zetelid) VALUES (6.20);
INSERT INTO tblTickets(zetelid) VALUES (6.21);
INSERT INTO tblTickets(zetelid) VALUES (6.22);
INSERT INTO tblTickets(zetelid) VALUES (6.23);
INSERT INTO tblTickets(zetelid) VALUES (6.24);
INSERT INTO tblTickets(zetelid) VALUES (6.25);
INSERT INTO tblTickets(zetelid) VALUES (6.26);
INSERT INTO tblTickets(zetelid) VALUES (6.27);
INSERT INTO tblTickets(zetelid) VALUES (6.28);
INSERT INTO tblTickets(zetelid) VALUES (6.29);
INSERT INTO tblTickets(zetelid) VALUES (6.30);
INSERT INTO tblTickets(zetelid) VALUES (6.31);
INSERT INTO tblTickets(zetelid) VALUES (6.32);
INSERT INTO tblTickets(zetelid) VALUES (6.33);
INSERT INTO tblTickets(zetelid) VALUES (6.34);
INSERT INTO tblTickets(zetelid) VALUES (7.1);
INSERT INTO tblTickets(zetelid) VALUES (7.2);
INSERT INTO tblTickets(zetelid) VALUES (7.3);
INSERT INTO tblTickets(zetelid) VALUES (7.4);
INSERT INTO tblTickets(zetelid) VALUES (7.5);
INSERT INTO tblTickets(zetelid) VALUES (7.6);
INSERT INTO tblTickets(zetelid) VALUES (7.7);
INSERT INTO tblTickets(zetelid) VALUES (7.8);
INSERT INTO tblTickets(zetelid) VALUES (7.9);
INSERT INTO tblTickets(zetelid) VALUES (7.10);
INSERT INTO tblTickets(zetelid) VALUES (7.11);
INSERT INTO tblTickets(zetelid) VALUES (7.12);
INSERT INTO tblTickets(zetelid) VALUES (7.13);
INSERT INTO tblTickets(zetelid) VALUES (7.14);
INSERT INTO tblTickets(zetelid) VALUES (7.15);
INSERT INTO tblTickets(zetelid) VALUES (7.16);
INSERT INTO tblTickets(zetelid) VALUES (7.17);
INSERT INTO tblTickets(zetelid) VALUES (7.18);
INSERT INTO tblTickets(zetelid) VALUES (7.19);
INSERT INTO tblTickets(zetelid) VALUES (7.20);
INSERT INTO tblTickets(zetelid) VALUES (7.21);
INSERT INTO tblTickets(zetelid) VALUES (7.22);
INSERT INTO tblTickets(zetelid) VALUES (7.23);
INSERT INTO tblTickets(zetelid) VALUES (7.24);
INSERT INTO tblTickets(zetelid) VALUES (7.25);
INSERT INTO tblTickets(zetelid) VALUES (7.26);
INSERT INTO tblTickets(zetelid) VALUES (7.27);
INSERT INTO tblTickets(zetelid) VALUES (7.28);
INSERT INTO tblTickets(zetelid) VALUES (7.29);
INSERT INTO tblTickets(zetelid) VALUES (7.30);
INSERT INTO tblTickets(zetelid) VALUES (7.31);
INSERT INTO tblTickets(zetelid) VALUES (7.32);
INSERT INTO tblTickets(zetelid) VALUES (7.33);
INSERT INTO tblTickets(zetelid) VALUES (7.34);
INSERT INTO tblTickets(zetelid) VALUES (7.35);
INSERT INTO tblTickets(zetelid) VALUES (7.36);
INSERT INTO tblTickets(zetelid) VALUES (8.1);
INSERT INTO tblTickets(zetelid) VALUES (8.2);
INSERT INTO tblTickets(zetelid) VALUES (8.3);
INSERT INTO tblTickets(zetelid) VALUES (8.4);
INSERT INTO tblTickets(zetelid) VALUES (8.5);
INSERT INTO tblTickets(zetelid) VALUES (8.6);
INSERT INTO tblTickets(zetelid) VALUES (8.7);
INSERT INTO tblTickets(zetelid) VALUES (8.8);
INSERT INTO tblTickets(zetelid) VALUES (8.9);
INSERT INTO tblTickets(zetelid) VALUES (8.10);
INSERT INTO tblTickets(zetelid) VALUES (8.11);
INSERT INTO tblTickets(zetelid) VALUES (8.12);
INSERT INTO tblTickets(zetelid) VALUES (8.13);
INSERT INTO tblTickets(zetelid) VALUES (8.14);
INSERT INTO tblTickets(zetelid) VALUES (8.15);
INSERT INTO tblTickets(zetelid) VALUES (8.16);
INSERT INTO tblTickets(zetelid) VALUES (8.17);
INSERT INTO tblTickets(zetelid) VALUES (8.18);
INSERT INTO tblTickets(zetelid) VALUES (8.19);
INSERT INTO tblTickets(zetelid) VALUES (8.20);
INSERT INTO tblTickets(zetelid) VALUES (8.21);
INSERT INTO tblTickets(zetelid) VALUES (8.22);
INSERT INTO tblTickets(zetelid) VALUES (8.23);
INSERT INTO tblTickets(zetelid) VALUES (8.24);
INSERT INTO tblTickets(zetelid) VALUES (8.25);
INSERT INTO tblTickets(zetelid) VALUES (8.26);
INSERT INTO tblTickets(zetelid) VALUES (8.27);
INSERT INTO tblTickets(zetelid) VALUES (8.28);
INSERT INTO tblTickets(zetelid) VALUES (8.29);
INSERT INTO tblTickets(zetelid) VALUES (8.30);
INSERT INTO tblTickets(zetelid) VALUES (8.31);
INSERT INTO tblTickets(zetelid) VALUES (8.32);
INSERT INTO tblTickets(zetelid) VALUES (8.33);
INSERT INTO tblTickets(zetelid) VALUES (8.34);
INSERT INTO tblTickets(zetelid) VALUES (8.35);
INSERT INTO tblTickets(zetelid) VALUES (8.36);
INSERT INTO tblTickets(zetelid) VALUES (8.37);
INSERT INTO tblTickets(zetelid) VALUES (8.38);
INSERT INTO tblTickets(zetelid) VALUES (9.1);
INSERT INTO tblTickets(zetelid) VALUES (9.2);
INSERT INTO tblTickets(zetelid) VALUES (9.3);
INSERT INTO tblTickets(zetelid) VALUES (9.4);
INSERT INTO tblTickets(zetelid) VALUES (9.5);
INSERT INTO tblTickets(zetelid) VALUES (9.6);
INSERT INTO tblTickets(zetelid) VALUES (9.7);
INSERT INTO tblTickets(zetelid) VALUES (9.8);
INSERT INTO tblTickets(zetelid) VALUES (9.9);
INSERT INTO tblTickets(zetelid) VALUES (9.10);
INSERT INTO tblTickets(zetelid) VALUES (9.11);
INSERT INTO tblTickets(zetelid) VALUES (9.12);
INSERT INTO tblTickets(zetelid) VALUES (9.13);
INSERT INTO tblTickets(zetelid) VALUES (9.14);
INSERT INTO tblTickets(zetelid) VALUES (9.15);
INSERT INTO tblTickets(zetelid) VALUES (9.16);
INSERT INTO tblTickets(zetelid) VALUES (9.17);
INSERT INTO tblTickets(zetelid) VALUES (9.18);
INSERT INTO tblTickets(zetelid) VALUES (9.19);
INSERT INTO tblTickets(zetelid) VALUES (9.20);
INSERT INTO tblTickets(zetelid) VALUES (9.21);
INSERT INTO tblTickets(zetelid) VALUES (9.22);
INSERT INTO tblTickets(zetelid) VALUES (9.23);
INSERT INTO tblTickets(zetelid) VALUES (9.24);
INSERT INTO tblTickets(zetelid) VALUES (9.25);
INSERT INTO tblTickets(zetelid) VALUES (9.26);
INSERT INTO tblTickets(zetelid) VALUES (9.27);
INSERT INTO tblTickets(zetelid) VALUES (9.28);
INSERT INTO tblTickets(zetelid) VALUES (9.29);
INSERT INTO tblTickets(zetelid) VALUES (9.30);
INSERT INTO tblTickets(zetelid) VALUES (9.31);
INSERT INTO tblTickets(zetelid) VALUES (9.32);
INSERT INTO tblTickets(zetelid) VALUES (9.33);
INSERT INTO tblTickets(zetelid) VALUES (9.34);
INSERT INTO tblTickets(zetelid) VALUES (9.35);
INSERT INTO tblTickets(zetelid) VALUES (9.36);
INSERT INTO tblTickets(zetelid) VALUES (10.1);
INSERT INTO tblTickets(zetelid) VALUES (10.2);
INSERT INTO tblTickets(zetelid) VALUES (10.3);
INSERT INTO tblTickets(zetelid) VALUES (10.4);
INSERT INTO tblTickets(zetelid) VALUES (10.5);
INSERT INTO tblTickets(zetelid) VALUES (10.6);
INSERT INTO tblTickets(zetelid) VALUES (10.7);
INSERT INTO tblTickets(zetelid) VALUES (10.8);
INSERT INTO tblTickets(zetelid) VALUES (10.9);
INSERT INTO tblTickets(zetelid) VALUES (10.10);
INSERT INTO tblTickets(zetelid) VALUES (10.11);
INSERT INTO tblTickets(zetelid) VALUES (10.12);
INSERT INTO tblTickets(zetelid) VALUES (10.13);
INSERT INTO tblTickets(zetelid) VALUES (10.14);
INSERT INTO tblTickets(zetelid) VALUES (10.15);
INSERT INTO tblTickets(zetelid) VALUES (10.16);
INSERT INTO tblTickets(zetelid) VALUES (10.17);
INSERT INTO tblTickets(zetelid) VALUES (10.18);
INSERT INTO tblTickets(zetelid) VALUES (10.19);
INSERT INTO tblTickets(zetelid) VALUES (10.20);
INSERT INTO tblTickets(zetelid) VALUES (10.21);
INSERT INTO tblTickets(zetelid) VALUES (10.22);
INSERT INTO tblTickets(zetelid) VALUES (10.23);
INSERT INTO tblTickets(zetelid) VALUES (10.24);
INSERT INTO tblTickets(zetelid) VALUES (10.25);
INSERT INTO tblTickets(zetelid) VALUES (10.26);
INSERT INTO tblTickets(zetelid) VALUES (10.27);
INSERT INTO tblTickets(zetelid) VALUES (10.28);
INSERT INTO tblTickets(zetelid) VALUES (10.29);
INSERT INTO tblTickets(zetelid) VALUES (10.30);
INSERT INTO tblTickets(zetelid) VALUES (10.31);
INSERT INTO tblTickets(zetelid) VALUES (10.32);
INSERT INTO tblTickets(zetelid) VALUES (11.1);
INSERT INTO tblTickets(zetelid) VALUES (11.2);
INSERT INTO tblTickets(zetelid) VALUES (11.3);
INSERT INTO tblTickets(zetelid) VALUES (11.4);
INSERT INTO tblTickets(zetelid) VALUES (11.5);
INSERT INTO tblTickets(zetelid) VALUES (11.6);
INSERT INTO tblTickets(zetelid) VALUES (11.7);
INSERT INTO tblTickets(zetelid) VALUES (11.8);
INSERT INTO tblTickets(zetelid) VALUES (11.9);
INSERT INTO tblTickets(zetelid) VALUES (11.10);
INSERT INTO tblTickets(zetelid) VALUES (11.11);
INSERT INTO tblTickets(zetelid) VALUES (11.12);
INSERT INTO tblTickets(zetelid) VALUES (11.13);
INSERT INTO tblTickets(zetelid) VALUES (11.14);
INSERT INTO tblTickets(zetelid) VALUES (11.15);
INSERT INTO tblTickets(zetelid) VALUES (11.16);
INSERT INTO tblTickets(zetelid) VALUES (11.17);
INSERT INTO tblTickets(zetelid) VALUES (11.18);
INSERT INTO tblTickets(zetelid) VALUES (11.19);
INSERT INTO tblTickets(zetelid) VALUES (11.20);
INSERT INTO tblTickets(zetelid) VALUES (11.41);
INSERT INTO tblTickets(zetelid) VALUES (11.43);
INSERT INTO tblTickets(zetelid) VALUES (11.45);
INSERT INTO tblTickets(zetelid) VALUES (11.47);
INSERT INTO tblTickets(zetelid) VALUES (12.1);
INSERT INTO tblTickets(zetelid) VALUES (12.2);
INSERT INTO tblTickets(zetelid) VALUES (12.3);
INSERT INTO tblTickets(zetelid) VALUES (12.4);
INSERT INTO tblTickets(zetelid) VALUES (12.5);
INSERT INTO tblTickets(zetelid) VALUES (12.6);
INSERT INTO tblTickets(zetelid) VALUES (12.7);
INSERT INTO tblTickets(zetelid) VALUES (12.8);
INSERT INTO tblTickets(zetelid) VALUES (12.9);
INSERT INTO tblTickets(zetelid) VALUES (12.10);
INSERT INTO tblTickets(zetelid) VALUES (12.11);
INSERT INTO tblTickets(zetelid) VALUES (12.12);
INSERT INTO tblTickets(zetelid) VALUES (12.13);
INSERT INTO tblTickets(zetelid) VALUES (12.14);
INSERT INTO tblTickets(zetelid) VALUES (12.15);
INSERT INTO tblTickets(zetelid) VALUES (12.16);
INSERT INTO tblTickets(zetelid) VALUES (12.17);
INSERT INTO tblTickets(zetelid) VALUES (12.18);
INSERT INTO tblTickets(zetelid) VALUES (12.19);
INSERT INTO tblTickets(zetelid) VALUES (12.20);
INSERT INTO tblTickets(zetelid) VALUES (13.1);
INSERT INTO tblTickets(zetelid) VALUES (13.2);
INSERT INTO tblTickets(zetelid) VALUES (13.3);
INSERT INTO tblTickets(zetelid) VALUES (13.4);
INSERT INTO tblTickets(zetelid) VALUES (13.5);
INSERT INTO tblTickets(zetelid) VALUES (13.6);
INSERT INTO tblTickets(zetelid) VALUES (13.7);
INSERT INTO tblTickets(zetelid) VALUES (13.8);
INSERT INTO tblTickets(zetelid) VALUES (13.9);
INSERT INTO tblTickets(zetelid) VALUES (13.10);
INSERT INTO tblTickets(zetelid) VALUES (13.11);
INSERT INTO tblTickets(zetelid) VALUES (13.12);
INSERT INTO tblTickets(zetelid) VALUES (13.13);
INSERT INTO tblTickets(zetelid) VALUES (13.14);
INSERT INTO tblTickets(zetelid) VALUES (13.15);
INSERT INTO tblTickets(zetelid) VALUES (13.16);
INSERT INTO tblTickets(zetelid) VALUES (13.17);
INSERT INTO tblTickets(zetelid) VALUES (13.18);
INSERT INTO tblTickets(zetelid) VALUES (13.19);
INSERT INTO tblTickets(zetelid) VALUES (13.20);
INSERT INTO tblTickets(zetelid) VALUES (13.40);
INSERT INTO tblTickets(zetelid) VALUES (13.42);
INSERT INTO tblTickets(zetelid) VALUES (13.44);
INSERT INTO tblTickets(zetelid) VALUES (13.46);
INSERT INTO tblTickets(zetelid) VALUES (14.1);
INSERT INTO tblTickets(zetelid) VALUES (14.2);
INSERT INTO tblTickets(zetelid) VALUES (14.3);
INSERT INTO tblTickets(zetelid) VALUES (14.4);
INSERT INTO tblTickets(zetelid) VALUES (14.5);
INSERT INTO tblTickets(zetelid) VALUES (14.6);
INSERT INTO tblTickets(zetelid) VALUES (14.7);
INSERT INTO tblTickets(zetelid) VALUES (14.8);
INSERT INTO tblTickets(zetelid) VALUES (14.9);
INSERT INTO tblTickets(zetelid) VALUES (14.10);
INSERT INTO tblTickets(zetelid) VALUES (14.11);
INSERT INTO tblTickets(zetelid) VALUES (14.12);
INSERT INTO tblTickets(zetelid) VALUES (14.13);
INSERT INTO tblTickets(zetelid) VALUES (14.14);
INSERT INTO tblTickets(zetelid) VALUES (14.15);
INSERT INTO tblTickets(zetelid) VALUES (14.16);
INSERT INTO tblTickets(zetelid) VALUES (14.17);
INSERT INTO tblTickets(zetelid) VALUES (14.18);
INSERT INTO tblTickets(zetelid) VALUES (14.19);
INSERT INTO tblTickets(zetelid) VALUES (14.20);
INSERT INTO tblTickets(zetelid) VALUES (14.21);
INSERT INTO tblTickets(zetelid) VALUES (14.22);
INSERT INTO tblTickets(zetelid) VALUES (14.40);
INSERT INTO tblTickets(zetelid) VALUES (14.42);
INSERT INTO tblTickets(zetelid) VALUES (14.44);
INSERT INTO tblTickets(zetelid) VALUES (14.46);
INSERT INTO tblTickets(zetelid) VALUES (15.1);
INSERT INTO tblTickets(zetelid) VALUES (15.2);
INSERT INTO tblTickets(zetelid) VALUES (15.3);
INSERT INTO tblTickets(zetelid) VALUES (15.4);
INSERT INTO tblTickets(zetelid) VALUES (15.5);
INSERT INTO tblTickets(zetelid) VALUES (15.6);
INSERT INTO tblTickets(zetelid) VALUES (15.7);
INSERT INTO tblTickets(zetelid) VALUES (15.8);
INSERT INTO tblTickets(zetelid) VALUES (15.9);
INSERT INTO tblTickets(zetelid) VALUES (15.10);
INSERT INTO tblTickets(zetelid) VALUES (15.11);
INSERT INTO tblTickets(zetelid) VALUES (15.12);
INSERT INTO tblTickets(zetelid) VALUES (15.13);
INSERT INTO tblTickets(zetelid) VALUES (15.14);
INSERT INTO tblTickets(zetelid) VALUES (15.15);
INSERT INTO tblTickets(zetelid) VALUES (15.16);
INSERT INTO tblTickets(zetelid) VALUES (15.17);
INSERT INTO tblTickets(zetelid) VALUES (15.18);
INSERT INTO tblTickets(zetelid) VALUES (15.19);
INSERT INTO tblTickets(zetelid) VALUES (15.20);
INSERT INTO tblTickets(zetelid) VALUES (15.21);
INSERT INTO tblTickets(zetelid) VALUES (15.22);
INSERT INTO tblTickets(zetelid) VALUES (15.23);
INSERT INTO tblTickets(zetelid) VALUES (15.24);
INSERT INTO tblTickets(zetelid) VALUES (15.25);
INSERT INTO tblTickets(zetelid) VALUES (15.26);
INSERT INTO tblTickets(zetelid) VALUES (15.27);
INSERT INTO tblTickets(zetelid) VALUES (15.28);
INSERT INTO tblTickets(zetelid) VALUES (15.29);
INSERT INTO tblTickets(zetelid) VALUES (15.30);
INSERT INTO tblTickets(zetelid) VALUES (15.31);
INSERT INTO tblTickets(zetelid) VALUES (15.40);
INSERT INTO tblTickets(zetelid) VALUES (15.42);
INSERT INTO tblTickets(zetelid) VALUES (15.44);
INSERT INTO tblTickets(zetelid) VALUES (15.46);
INSERT INTO tblTickets(zetelid) VALUES (16.1);
INSERT INTO tblTickets(zetelid) VALUES (16.2);
INSERT INTO tblTickets(zetelid) VALUES (16.3);
INSERT INTO tblTickets(zetelid) VALUES (16.4);
INSERT INTO tblTickets(zetelid) VALUES (16.5);
INSERT INTO tblTickets(zetelid) VALUES (16.6);
INSERT INTO tblTickets(zetelid) VALUES (16.7);
INSERT INTO tblTickets(zetelid) VALUES (16.8);
INSERT INTO tblTickets(zetelid) VALUES (16.9);
INSERT INTO tblTickets(zetelid) VALUES (16.10);
INSERT INTO tblTickets(zetelid) VALUES (16.11);
INSERT INTO tblTickets(zetelid) VALUES (16.12);
INSERT INTO tblTickets(zetelid) VALUES (16.13);
INSERT INTO tblTickets(zetelid) VALUES (16.14);
INSERT INTO tblTickets(zetelid) VALUES (16.15);
INSERT INTO tblTickets(zetelid) VALUES (16.16);
INSERT INTO tblTickets(zetelid) VALUES (16.17);
INSERT INTO tblTickets(zetelid) VALUES (16.18);
INSERT INTO tblTickets(zetelid) VALUES (16.19);
INSERT INTO tblTickets(zetelid) VALUES (16.20);
INSERT INTO tblTickets(zetelid) VALUES (16.21);
INSERT INTO tblTickets(zetelid) VALUES (16.22);
INSERT INTO tblTickets(zetelid) VALUES (16.23);
INSERT INTO tblTickets(zetelid) VALUES (16.24);
INSERT INTO tblTickets(zetelid) VALUES (16.25);
INSERT INTO tblTickets(zetelid) VALUES (16.26);
INSERT INTO tblTickets(zetelid) VALUES (16.27);
INSERT INTO tblTickets(zetelid) VALUES (16.28);
INSERT INTO tblTickets(zetelid) VALUES (16.29);
INSERT INTO tblTickets(zetelid) VALUES (16.30);
INSERT INTO tblTickets(zetelid) VALUES (16.31);
INSERT INTO tblTickets(zetelid) VALUES (16.32);
INSERT INTO tblTickets(zetelid) VALUES (16.33);
INSERT INTO tblTickets(zetelid) VALUES (16.34);
INSERT INTO tblTickets(zetelid) VALUES (16.35);
INSERT INTO tblTickets(zetelid) VALUES (16.36);
INSERT INTO tblTickets(zetelid) VALUES (16.37);
INSERT INTO tblTickets(zetelid) VALUES (16.38);
INSERT INTO tblTickets(zetelid) VALUES (17.1);
INSERT INTO tblTickets(zetelid) VALUES (17.2);
INSERT INTO tblTickets(zetelid) VALUES (17.3);
INSERT INTO tblTickets(zetelid) VALUES (17.4);
INSERT INTO tblTickets(zetelid) VALUES (17.5);
INSERT INTO tblTickets(zetelid) VALUES (17.6);
INSERT INTO tblTickets(zetelid) VALUES (17.7);
INSERT INTO tblTickets(zetelid) VALUES (17.8);
INSERT INTO tblTickets(zetelid) VALUES (17.9);
INSERT INTO tblTickets(zetelid) VALUES (17.10);
INSERT INTO tblTickets(zetelid) VALUES (17.11);
INSERT INTO tblTickets(zetelid) VALUES (17.12);
INSERT INTO tblTickets(zetelid) VALUES (17.13);
INSERT INTO tblTickets(zetelid) VALUES (17.14);
INSERT INTO tblTickets(zetelid) VALUES (17.15);
INSERT INTO tblTickets(zetelid) VALUES (17.16);
INSERT INTO tblTickets(zetelid) VALUES (17.17);
INSERT INTO tblTickets(zetelid) VALUES (17.18);
INSERT INTO tblTickets(zetelid) VALUES (17.19);
INSERT INTO tblTickets(zetelid) VALUES (17.20);
INSERT INTO tblTickets(zetelid) VALUES (17.21);
INSERT INTO tblTickets(zetelid) VALUES (17.22);
INSERT INTO tblTickets(zetelid) VALUES (17.23);
INSERT INTO tblTickets(zetelid) VALUES (17.24);
INSERT INTO tblTickets(zetelid) VALUES (17.25);
INSERT INTO tblTickets(zetelid) VALUES (17.26);
INSERT INTO tblTickets(zetelid) VALUES (17.27);
INSERT INTO tblTickets(zetelid) VALUES (17.28);
INSERT INTO tblTickets(zetelid) VALUES (17.29);
INSERT INTO tblTickets(zetelid) VALUES (17.30);
INSERT INTO tblTickets(zetelid) VALUES (17.31);
INSERT INTO tblTickets(zetelid) VALUES (17.32);
INSERT INTO tblTickets(zetelid) VALUES (17.33);
INSERT INTO tblTickets(zetelid) VALUES (17.34);
INSERT INTO tblTickets(zetelid) VALUES (17.35);
INSERT INTO tblTickets(zetelid) VALUES (17.36);
INSERT INTO tblTickets(zetelid) VALUES (17.37);
INSERT INTO tblTickets(zetelid) VALUES (17.38);
INSERT INTO tblTickets(zetelid) VALUES (17.39);
INSERT INTO tblTickets(zetelid) VALUES (18.1);
INSERT INTO tblTickets(zetelid) VALUES (18.2);
INSERT INTO tblTickets(zetelid) VALUES (18.3);
INSERT INTO tblTickets(zetelid) VALUES (18.4);
INSERT INTO tblTickets(zetelid) VALUES (18.5);
INSERT INTO tblTickets(zetelid) VALUES (18.6);
INSERT INTO tblTickets(zetelid) VALUES (18.7);
INSERT INTO tblTickets(zetelid) VALUES (18.8);
INSERT INTO tblTickets(zetelid) VALUES (18.9);
INSERT INTO tblTickets(zetelid) VALUES (18.10);
INSERT INTO tblTickets(zetelid) VALUES (18.11);
INSERT INTO tblTickets(zetelid) VALUES (18.12);
INSERT INTO tblTickets(zetelid) VALUES (18.13);
INSERT INTO tblTickets(zetelid) VALUES (18.14);
INSERT INTO tblTickets(zetelid) VALUES (18.15);
INSERT INTO tblTickets(zetelid) VALUES (18.16);
INSERT INTO tblTickets(zetelid) VALUES (18.17);
INSERT INTO tblTickets(zetelid) VALUES (18.18);
INSERT INTO tblTickets(zetelid) VALUES (18.19);
INSERT INTO tblTickets(zetelid) VALUES (18.40);
INSERT INTO tblTickets(zetelid) VALUES (18.41);
INSERT INTO tblTickets(zetelid) VALUES (18.42);
INSERT INTO tblTickets(zetelid) VALUES (18.43);
INSERT INTO tblTickets(zetelid) VALUES (18.44);
INSERT INTO tblTickets(zetelid) VALUES (18.45);
INSERT INTO tblTickets(zetelid) VALUES (18.46);
INSERT INTO tblTickets(zetelid) VALUES (18.47);
INSERT INTO tblTickets(zetelid) VALUES (18.48);
INSERT INTO tblTickets(zetelid) VALUES (18.49);
INSERT INTO tblTickets(zetelid) VALUES (18.50);
INSERT INTO tblTickets(zetelid) VALUES (18.51);
INSERT INTO tblTickets(zetelid) VALUES (18.52);
INSERT INTO tblTickets(zetelid) VALUES (18.53);
INSERT INTO tblTickets(zetelid) VALUES (18.54);
INSERT INTO tblTickets(zetelid) VALUES (18.55);
INSERT INTO tblTickets(zetelid) VALUES (18.56);
INSERT INTO tblTickets(zetelid) VALUES (18.57);
INSERT INTO tblTickets(zetelid) VALUES (18.58);
INSERT INTO tblTickets(zetelid) VALUES (18.59);
INSERT INTO tblTickets(zetelid) VALUES (18.60);
INSERT INTO tblTickets(zetelid) VALUES (19.1);
INSERT INTO tblTickets(zetelid) VALUES (19.2);
INSERT INTO tblTickets(zetelid) VALUES (19.3);
INSERT INTO tblTickets(zetelid) VALUES (19.4);
INSERT INTO tblTickets(zetelid) VALUES (19.5);
INSERT INTO tblTickets(zetelid) VALUES (19.6);
INSERT INTO tblTickets(zetelid) VALUES (19.7);
INSERT INTO tblTickets(zetelid) VALUES (19.8);
INSERT INTO tblTickets(zetelid) VALUES (19.9);
INSERT INTO tblTickets(zetelid) VALUES (19.10);
INSERT INTO tblTickets(zetelid) VALUES (19.11);
INSERT INTO tblTickets(zetelid) VALUES (19.12);
INSERT INTO tblTickets(zetelid) VALUES (19.13);
INSERT INTO tblTickets(zetelid) VALUES (19.14);
INSERT INTO tblTickets(zetelid) VALUES (19.15);
INSERT INTO tblTickets(zetelid) VALUES (19.16);
INSERT INTO tblTickets(zetelid) VALUES (19.17);
INSERT INTO tblTickets(zetelid) VALUES (19.18);
INSERT INTO tblTickets(zetelid) VALUES (19.19);
INSERT INTO tblTickets(zetelid) VALUES (19.40);
INSERT INTO tblTickets(zetelid) VALUES (19.41);
INSERT INTO tblTickets(zetelid) VALUES (19.42);
INSERT INTO tblTickets(zetelid) VALUES (19.43);
INSERT INTO tblTickets(zetelid) VALUES (19.44);
INSERT INTO tblTickets(zetelid) VALUES (19.45);
INSERT INTO tblTickets(zetelid) VALUES (19.46);
INSERT INTO tblTickets(zetelid) VALUES (19.47);
INSERT INTO tblTickets(zetelid) VALUES (19.48);
INSERT INTO tblTickets(zetelid) VALUES (19.49);
INSERT INTO tblTickets(zetelid) VALUES (19.50);
INSERT INTO tblTickets(zetelid) VALUES (19.51);
INSERT INTO tblTickets(zetelid) VALUES (19.52);
INSERT INTO tblTickets(zetelid) VALUES (19.53);
INSERT INTO tblTickets(zetelid) VALUES (19.54);
INSERT INTO tblTickets(zetelid) VALUES (19.55);
INSERT INTO tblTickets(zetelid) VALUES (19.56);
INSERT INTO tblTickets(zetelid) VALUES (19.57);
INSERT INTO tblTickets(zetelid) VALUES (19.58);
INSERT INTO tblTickets(zetelid) VALUES (19.59);
INSERT INTO tblTickets(zetelid) VALUES (20.1);
INSERT INTO tblTickets(zetelid) VALUES (20.2);
INSERT INTO tblTickets(zetelid) VALUES (20.3);
INSERT INTO tblTickets(zetelid) VALUES (20.4);
INSERT INTO tblTickets(zetelid) VALUES (20.5);
INSERT INTO tblTickets(zetelid) VALUES (20.6);
INSERT INTO tblTickets(zetelid) VALUES (20.7);
INSERT INTO tblTickets(zetelid) VALUES (20.8);
INSERT INTO tblTickets(zetelid) VALUES (20.9);
INSERT INTO tblTickets(zetelid) VALUES (20.10);
INSERT INTO tblTickets(zetelid) VALUES (20.11);
INSERT INTO tblTickets(zetelid) VALUES (20.12);
INSERT INTO tblTickets(zetelid) VALUES (20.13);
INSERT INTO tblTickets(zetelid) VALUES (20.14);
INSERT INTO tblTickets(zetelid) VALUES (20.15);
INSERT INTO tblTickets(zetelid) VALUES (20.16);
INSERT INTO tblTickets(zetelid) VALUES (20.17);
INSERT INTO tblTickets(zetelid) VALUES (20.18);
INSERT INTO tblTickets(zetelid) VALUES (20.19);
INSERT INTO tblTickets(zetelid) VALUES (20.20);